feature,importance
dist_sma_5,-0.002441498088880882
macd_hist_z,0.002350279688595032
log_ret_5,-0.0016430103780961203
vol_5,0.0015715910689850674
dist_sma_60,0.0008594493001601504
rsi_14_z,0.0007915654646438185
atr_ratio,0.0006148588242687889
log_ret_1,0.0005823495365032806
dist_sma_20,0.00030967654327865855
vol_20,-0.0002555572872592502
dist_sma_10,-0.00012409421410336746
