feature,importance
rsi_14_z,0.002353753714431359
vol_20,0.0016812367603214688
log_ret_5,-0.001259775832848431
dist_sma_20,-0.0008657659150655834
atr_ratio,-0.0007457767164566632
dist_sma_5,-0.000732770304111449
dist_sma_10,-0.0005176939161360774
macd_hist_z,-0.00039366419503417816
dist_sma_60,0.00018416265299000016
log_ret_1,-0.00014012369697727217
vol_5,2.2283214259379566e-05
